<resources>
    <string name="app_name">EmotionAidProject</string>
    <string name="action_settings">Settings</string>

  <string name="registerForm">Register Form</string>
  
  <string name="planet_prompt">Choose a planet</string>
  <string-array name="planets_array">
    <item>General feeling</item>
    <item>Faint</item>
    <item>Heavy</item>
    <item>Calm</item>
    <item>Trembling</item>
    <item>Achy</item>
    <item>Shaky</item>
    <item>Tense</item>
    <item>Goosebumps</item>
    <item>Floating</item>
    <item>Relaxed</item>
    <item>Glowing</item>
    <item>Breathless</item>
    <item>Numb</item>
    <item>Dull</item>
    <item>Sharp</item>
    <item>Pressure</item> 
  </string-array>
  
</resources>
